year,ply,avg_total_material,game_count
2013,1,78.0,26
2013,2,78.0,26
2013,3,78.0,26
2013,4,77.88,26
2013,5,77.73,26
2013,6,77.42,26
2013,7,77.27,26
2013,8,77.19,26
2013,9,77.0,26
2013,10,76.62,26
2013,11,75.58,26
2013,12,74.88,26
2013,13,74.65,26
2013,14,74.19,26
2013,15,73.62,26
2013,16,73.58,26
2013,17,73.42,26
2013,18,72.81,26
2013,19,72.19,26
2013,20,71.58,26
2013,21,71.08,26
2013,22,70.58,26
2013,23,70.38,26
2013,24,69.92,25
2013,25,69.4,25
2013,26,68.6,25
2013,27,67.88,25
2013,28,67.44,25
2013,29,66.79,24
2013,30,66.0,24
2013,31,64.79,24
2013,32,63.54,24
2013,33,62.29,24
2013,34,61.33,24
2013,35,60.21,24
2013,36,59.3,23
2013,37,58.43,23
2013,38,57.87,23
2013,39,57.04,23
2013,40,56.04,23
2013,41,54.87,23
2013,42,53.7,23
2013,43,52.77,22
2013,44,51.91,22
2013,45,50.5,22
2013,46,49.68,22
2013,47,48.91,22
2013,48,47.33,21
2013,49,46.38,21
2013,50,45.86,21
2013,51,45.19,21
2013,52,44.52,21
2013,53,43.75,20
2013,54,43.35,20
2013,55,42.85,20
2013,56,41.37,19
2013,57,40.78,18
2013,58,39.94,17
2013,59,39.53,17
2013,60,38.88,17
2013,61,38.47,17
2013,62,38.06,17
2013,63,37.53,17
2013,64,36.53,17
2013,65,35.94,17
2013,66,35.35,17
2013,67,34.13,15
2013,68,33.0,15
2013,69,32.07,15
2013,70,31.07,15
2013,71,29.4,15
2013,72,29.57,14
2013,73,29.57,14
2013,74,30.69,13
2013,75,27.91,11
2013,76,27.82,11
2013,77,27.0,10
2013,78,25.6,10
2013,79,25.9,10
2013,80,24.9,10
2013,81,25.11,9
2013,82,24.44,9
2013,83,24.44,9
2013,84,24.44,9
2013,85,20.38,8
2013,86,18.5,8
2013,87,17.62,8
2013,88,17.12,8
2013,89,14.67,6
2013,90,14.67,6
2013,91,14.67,6
2013,92,14.67,6
2013,93,14.5,6
2013,94,13.25,4
2013,95,12.75,4
2013,96,12.25,4
2013,97,11.75,4
2013,98,11.5,4
2013,99,11.5,4
2013,100,13.5,4
2013,101,16.67,3
2013,102,15.67,3
2013,103,15.67,3
2013,104,15.67,3
2013,105,15.67,3
2013,106,15.67,3
2013,107,18.33,3
2013,108,18.33,3
2013,109,13.5,2
2013,110,13.0,2
2013,111,10.5,2
2013,112,10.5,2
2013,113,11.0,1
2013,114,11.0,1
2013,115,11.0,1
2013,116,11.0,1
2013,117,11.0,1
2013,118,11.0,1
2013,119,11.0,1
2013,120,11.0,1
2013,121,11.0,1
2013,122,11.0,1
2013,123,11.0,1
2013,124,11.0,1
2013,125,11.0,1
2013,126,11.0,1
2013,127,11.0,1
2013,128,11.0,1
2013,129,11.0,1
2013,130,11.0,1
2013,131,11.0,1
2014,1,78.0,23370
2014,2,78.0,23370
2014,3,77.96,23370
2014,4,77.88,23367
2014,5,77.79,23367
2014,6,77.6,23363
2014,7,77.38,23359
2014,8,77.13,23352
2014,9,76.86,23346
2014,10,76.56,23342
2014,11,76.24,23326
2014,12,75.85,23317
2014,13,75.45,23304
2014,14,75.03,23292
2014,15,74.56,23272
2014,16,74.08,23243
2014,17,73.57,23218
2014,18,73.04,23179
2014,19,72.47,23152
2014,20,71.87,23116
2014,21,71.25,23078
2014,22,70.6,23023
2014,23,69.93,22964
2014,24,69.25,22881
2014,25,68.57,22803
2014,26,67.87,22696
2014,27,67.14,22608
2014,28,66.41,22507
2014,29,65.67,22404
2014,30,64.94,22268
2014,31,64.18,22134
2014,32,63.4,22013
2014,33,62.64,21885
2014,34,61.84,21750
2014,35,61.02,21592
2014,36,60.18,21412
2014,37,59.34,21225
2014,38,58.52,21039
2014,39,57.68,20850
2014,40,56.8,20628
2014,41,55.92,20399
2014,42,55.02,20155
2014,43,54.12,19908
2014,44,53.23,19640
2014,45,52.34,19391
2014,46,51.42,19097
2014,47,50.5,18810
2014,48,49.61,18514
2014,49,48.71,18209
2014,50,47.8,17904
2014,51,46.91,17601
2014,52,46.0,17275
2014,53,45.12,16943
2014,54,44.25,16623
2014,55,43.38,16282
2014,56,42.48,15971
2014,57,41.62,15651
2014,58,40.75,15301
2014,59,39.93,15000
2014,60,39.13,14660
2014,61,38.32,14346
2014,62,37.52,14031
2014,63,36.73,13722
2014,64,35.96,13382
2014,65,35.18,13053
2014,66,34.43,12731
2014,67,33.62,12397
2014,68,32.85,12098
2014,69,32.15,11822
2014,70,31.46,11540
2014,71,30.71,11222
2014,72,30.02,10911
2014,73,29.37,10639
2014,74,28.71,10367
2014,75,28.09,10110
2014,76,27.45,9840
2014,77,26.83,9585
2014,78,26.25,9316
2014,79,25.68,9062
2014,80,25.16,8808
2014,81,24.62,8559
2014,82,24.11,8320
2014,83,23.57,8082
2014,84,23.07,7858
2014,85,22.59,7628
2014,86,22.11,7407
2014,87,21.68,7206
2014,88,21.23,6995
2014,89,20.86,6794
2014,90,20.46,6583
2014,91,20.08,6377
2014,92,19.67,6191
2014,93,19.32,6010
2014,94,18.97,5812
2014,95,18.65,5625
2014,96,18.29,5445
2014,97,17.99,5278
2014,98,17.64,5097
2014,99,17.31,4916
2014,100,17.03,4732
2014,101,16.72,4577
2014,102,16.49,4427
2014,103,16.25,4289
2014,104,15.96,4137
2014,105,15.67,4012
2014,106,15.43,3884
2014,107,15.14,3750
2014,108,14.92,3605
2014,109,14.7,3488
2014,110,14.44,3364
2014,111,14.22,3245
2014,112,14.04,3111
2014,113,13.85,2996
2014,114,13.72,2873
2014,115,13.58,2767
2014,116,13.46,2677
2014,117,13.29,2588
2014,118,13.08,2491
2014,119,12.98,2403
2014,120,12.91,2304
2014,121,12.84,2186
2014,122,12.81,2102
2014,123,12.77,2008
2014,124,12.63,1921
2014,125,12.58,1825
2014,126,12.58,1736
2014,127,12.5,1648
2014,128,12.43,1568
2014,129,12.36,1503
2014,130,12.19,1420
2014,131,12.02,1348
2014,132,12.09,1268
2014,133,12.01,1206
2014,134,11.93,1141
2014,135,11.8,1090
2014,136,11.76,1045
2014,137,11.77,1003
2014,138,11.73,938
2014,139,11.75,899
2014,140,11.6,847
2014,141,11.52,795
2014,142,11.54,754
2014,143,11.63,716
2014,144,11.61,675
2014,145,11.55,646
2014,146,11.57,617
2014,147,11.49,587
2014,148,11.31,555
2014,149,11.39,528
2014,150,11.34,500
2014,151,11.35,478
2014,152,11.2,446
2014,153,11.01,413
2014,154,11.07,397
2014,155,11.14,382
2014,156,11.18,358
2014,157,11.13,350
2014,158,11.15,333
2014,159,11.21,319
2014,160,11.38,299
2014,161,11.31,283
2014,162,11.21,267
2014,163,11.04,248
2014,164,11.03,237
2014,165,11.13,227
2014,166,11.17,214
2014,167,11.08,207
2014,168,10.93,190
2014,169,11.19,179
2014,170,11.18,171
2014,171,11.03,162
2014,172,10.95,150
2014,173,10.73,141
2014,174,10.94,132
2014,175,11.06,127
2014,176,11.11,122
2014,177,11.11,119
2014,178,11.27,115
2014,179,11.33,112
2014,180,11.35,106
2014,181,11.58,99
2014,182,11.38,91
2014,183,11.19,88
2014,184,11.36,86
2014,185,11.82,80
2014,186,12.0,76
2014,187,11.89,72
2014,188,11.51,72
2014,189,11.43,67
2014,190,11.52,64
2014,191,11.59,63
2014,192,11.62,58
2014,193,11.48,58
2014,194,11.47,55
2014,195,10.92,53
2014,196,11.0,52
2014,197,11.0,48
2014,198,11.04,46
2014,199,11.4,42
2014,200,11.73,41
2014,201,10.85,20
2014,202,10.89,18
2014,203,10.83,18
2014,204,10.78,18
2014,205,11.12,17
2014,206,11.25,16
2014,207,12.0,15
2014,208,11.57,14
2014,209,11.57,14
2014,210,11.57,14
2014,211,10.69,13
2014,212,10.31,13
2014,213,9.92,13
2014,214,10.0,12
2014,215,10.1,10
2014,216,10.1,10
2014,217,9.5,10
2014,218,8.5,10
2014,219,8.3,10
2014,220,9.0,9
2014,221,8.44,9
2014,222,8.5,8
2014,223,8.38,8
2014,224,9.14,7
2014,225,9.0,7
2014,226,9.0,7
2014,227,9.0,7
2014,228,9.0,7
2014,229,9.0,7
2014,230,9.0,7
2014,231,9.0,7
2014,232,9.0,7
2014,233,10.33,6
2014,234,10.8,5
2014,235,11.25,4
2014,236,11.25,4
2014,237,11.25,4
2014,238,11.25,4
2014,239,11.0,4
2014,240,11.0,4
2014,241,11.0,4
2014,242,11.0,4
2014,243,11.0,4
2014,244,11.0,4
2014,245,10.75,4
2014,246,10.5,4
2014,247,10.5,4
2014,248,10.5,4
2014,249,9.0,3
2014,250,9.0,3
2014,251,9.0,3
2014,252,9.0,3
2014,253,9.0,3
2014,254,9.0,3
2014,255,9.0,3
2014,256,9.0,3
2014,257,9.0,3
2014,258,9.0,3
2014,259,9.0,3
2014,260,9.0,3
2014,261,9.0,3
2014,262,9.0,3
2014,263,9.0,3
2014,264,9.0,3
2014,265,8.67,3
2014,266,8.67,3
2014,267,8.67,3
2014,268,8.67,3
2014,269,8.67,3
2014,270,8.67,3
2014,271,8.5,2
2014,272,8.5,2
2014,273,8.5,2
2014,274,8.5,2
2014,275,8.5,2
2014,276,8.5,2
2014,277,8.5,2
2014,278,8.5,2
2014,279,8.5,2
2014,280,8.5,2
2014,281,8.0,2
2014,282,7.5,2
2014,283,7.5,2
2014,284,7.5,2
2014,285,7.5,2
2014,286,7.5,2
2014,287,7.5,2
2014,288,7.5,2
2014,289,7.5,2
2014,290,10.0,1
2014,291,10.0,1
2014,292,10.0,1
2014,293,10.0,1
2014,294,10.0,1
2014,295,10.0,1
2014,296,10.0,1
2014,297,10.0,1
2014,298,10.0,1
2015,1,78.0,1020
2015,2,78.0,1020
2015,3,77.98,1020
2015,4,77.92,1020
2015,5,77.84,1020
2015,6,77.69,1020
2015,7,77.48,1019
2015,8,77.27,1018
2015,9,77.06,1018
2015,10,76.8,1018
2015,11,76.55,1018
2015,12,76.24,1018
2015,13,75.91,1018
2015,14,75.5,1018
2015,15,75.09,1018
2015,16,74.65,1018
2015,17,74.18,1016
2015,18,73.61,1016
2015,19,73.03,1016
2015,20,72.47,1015
2015,21,71.85,1015
2015,22,71.27,1015
2015,23,70.68,1015
2015,24,70.12,1011
2015,25,69.58,1011
2015,26,69.0,1011
2015,27,68.34,1009
2015,28,67.61,1008
2015,29,66.86,1008
2015,30,66.17,1006
2015,31,65.49,1005
2015,32,64.69,1004
2015,33,63.95,1002
2015,34,63.26,999
2015,35,62.55,996
2015,36,61.81,989
2015,37,60.96,980
2015,38,60.01,973
2015,39,59.12,966
2015,40,58.26,959
2015,41,57.4,950
2015,42,56.56,943
2015,43,55.68,936
2015,44,54.79,924
2015,45,53.82,913
2015,46,52.93,904
2015,47,52.0,899
2015,48,51.17,891
2015,49,50.36,884
2015,50,49.45,871
2015,51,48.52,863
2015,52,47.57,856
2015,53,46.69,842
2015,54,45.76,834
2015,55,45.02,825
2015,56,44.21,814
2015,57,43.27,802
2015,58,42.46,793
2015,59,41.56,780
2015,60,40.72,766
2015,61,39.93,761
2015,62,39.15,745
2015,63,38.28,738
2015,64,37.46,728
2015,65,36.52,718
2015,66,35.93,713
2015,67,35.31,703
2015,68,34.65,685
2015,69,33.91,679
2015,70,33.25,670
2015,71,32.61,656
2015,72,31.99,646
2015,73,31.28,635
2015,74,30.61,619
2015,75,30.03,607
2015,76,29.54,596
2015,77,29.1,588
2015,78,28.5,578
2015,79,27.87,559
2015,80,27.21,547
2015,81,26.58,539
2015,82,25.98,531
2015,83,25.36,521
2015,84,24.93,511
2015,85,24.27,502
2015,86,23.99,490
2015,87,23.27,477
2015,88,22.79,467
2015,89,22.2,458
2015,90,21.66,447
2015,91,21.39,438
2015,92,21.03,430
2015,93,20.66,425
2015,94,20.23,416
2015,95,19.76,406
2015,96,19.42,395
2015,97,19.04,386
2015,98,18.62,375
2015,99,18.43,366
2015,100,18.12,355
2015,101,17.69,350
2015,102,17.24,342
2015,103,16.96,336
2015,104,16.62,327
2015,105,16.46,321
2015,106,16.34,311
2015,107,15.97,303
2015,108,15.66,301
2015,109,15.28,293
2015,110,15.12,282
2015,111,14.8,270
2015,112,14.65,260
2015,113,14.48,252
2015,114,14.37,241
2015,115,14.35,238
2015,116,14.29,231
2015,117,14.33,216
2015,118,14.21,213
2015,119,13.93,205
2015,120,13.96,200
2015,121,13.92,192
2015,122,13.7,187
2015,123,13.18,183
2015,124,13.06,180
2015,125,12.81,174
2015,126,12.58,166
2015,127,12.27,158
2015,128,12.05,148
2015,129,12.25,141
2015,130,12.38,134
2015,131,12.14,129
2015,132,11.85,122
2015,133,11.78,116
2015,134,11.62,112
2015,135,11.48,102
2015,136,11.35,95
2015,137,10.92,91
2015,138,10.77,88
2015,139,10.89,80
2015,140,11.22,77
2015,141,10.97,76
2015,142,11.11,70
2015,143,11.12,66
2015,144,11.31,61
2015,145,11.14,59
2015,146,10.93,56
2015,147,10.6,52
2015,148,10.18,49
2015,149,9.42,48
2015,150,10.28,43
2015,151,10.08,39
2015,152,10.41,37
2015,153,10.36,36
2015,154,10.97,33
2015,155,11.0,31
2015,156,10.46,28
2015,157,10.52,27
2015,158,9.74,27
2015,159,9.73,26
2015,160,9.65,26
2015,161,9.38,26
2015,162,8.84,25
2015,163,8.72,25
2015,164,9.12,24
2015,165,8.91,23
2015,166,8.1,20
2015,167,8.5,20
2015,168,8.5,18
2015,169,7.44,16
2015,170,6.5,14
2015,171,7.0,11
2015,172,7.0,11
2015,173,8.0,9
2015,174,8.0,9
2015,175,6.44,9
2015,176,5.89,9
2015,177,5.5,8
2015,178,5.5,8
2015,179,5.43,7
2015,180,5.43,7
2015,181,5.29,7
2015,182,5.17,6
2015,183,5.17,6
2015,184,6.5,6
2015,185,6.5,6
2015,186,6.5,6
2015,187,5.8,5
2015,188,7.0,4
2015,189,7.0,4
2015,190,7.0,4
2015,191,7.0,4
2015,192,7.0,4
2015,193,7.0,4
2015,194,7.0,4
2015,195,7.0,4
2015,196,7.0,4
2015,197,7.0,4
2015,198,7.0,4
2015,199,7.0,4
2015,200,7.0,4
2016,1,78.0,7248
2016,2,78.0,7247
2016,3,77.97,7248
2016,4,77.92,7248
2016,5,77.86,7248
2016,6,77.71,7246
2016,7,77.54,7244
2016,8,77.34,7242
2016,9,77.11,7240
2016,10,76.82,7238
2016,11,76.55,7234
2016,12,76.24,7233
2016,13,75.91,7232
2016,14,75.54,7227
2016,15,75.14,7223
2016,16,74.72,7220
2016,17,74.27,7213
2016,18,73.79,7207
2016,19,73.28,7203
2016,20,72.77,7199
2016,21,72.23,7195
2016,22,71.69,7190
2016,23,71.11,7185
2016,24,70.51,7177
2016,25,69.89,7167
2016,26,69.3,7155
2016,27,68.63,7146
2016,28,67.93,7131
2016,29,67.24,7115
2016,30,66.55,7098
2016,31,65.86,7088
2016,32,65.1,7066
2016,33,64.3,7054
2016,34,63.54,7033
2016,35,62.81,7009
2016,36,62.0,6971
2016,37,61.17,6930
2016,38,60.39,6870
2016,39,59.54,6829
2016,40,58.72,6752
2016,41,57.85,6695
2016,42,57.02,6613
2016,43,56.13,6549
2016,44,55.23,6479
2016,45,54.32,6423
2016,46,53.38,6356
2016,47,52.5,6290
2016,48,51.59,6183
2016,49,50.67,6113
2016,50,49.73,6032
2016,51,48.81,5947
2016,52,47.87,5846
2016,53,46.94,5765
2016,54,46.06,5665
2016,55,45.12,5597
2016,56,44.21,5499
2016,57,43.32,5413
2016,58,42.47,5305
2016,59,41.68,5197
2016,60,40.81,5103
2016,61,39.98,5002
2016,62,39.2,4903
2016,63,38.37,4801
2016,64,37.55,4708
2016,65,36.72,4608
2016,66,35.95,4517
2016,67,35.19,4453
2016,68,34.46,4355
2016,69,33.71,4266
2016,70,33.01,4169
2016,71,32.35,4087
2016,72,31.69,3992
2016,73,30.96,3904
2016,74,30.24,3810
2016,75,29.57,3732
2016,76,28.9,3654
2016,77,28.19,3567
2016,78,27.62,3469
2016,79,27.01,3381
2016,80,26.41,3295
2016,81,25.87,3223
2016,82,25.33,3153
2016,83,24.79,3066
2016,84,24.3,2983
2016,85,23.78,2918
2016,86,23.19,2850
2016,87,22.73,2786
2016,88,22.27,2711
2016,89,21.82,2633
2016,90,21.38,2567
2016,91,20.97,2487
2016,92,20.53,2427
2016,93,20.13,2382
2016,94,19.74,2321
2016,95,19.41,2276
2016,96,19.06,2228
2016,97,18.68,2167
2016,98,18.35,2123
2016,99,17.97,2066
2016,100,17.63,2004
2016,101,17.3,1958
2016,102,17.07,1894
2016,103,16.83,1846
2016,104,16.68,1792
2016,105,16.49,1743
2016,106,16.26,1700
2016,107,15.97,1657
2016,108,15.81,1601
2016,109,15.62,1555
2016,110,15.45,1498
2016,111,15.27,1464
2016,112,15.11,1411
2016,113,14.9,1369
2016,114,14.66,1328
2016,115,14.49,1285
2016,116,14.37,1234
2016,117,14.21,1192
2016,118,14.1,1148
2016,119,13.98,1097
2016,120,13.78,1071
2016,121,13.67,1033
2016,122,13.56,1000
2016,123,13.46,970
2016,124,13.3,929
2016,125,13.14,895
2016,126,13.04,844
2016,127,12.91,813
2016,128,12.74,779
2016,129,12.58,750
2016,130,12.51,719
2016,131,12.34,692
2016,132,12.23,664
2016,133,12.08,629
2016,134,12.06,603
2016,135,12.08,581
2016,136,12.01,558
2016,137,11.93,541
2016,138,11.72,520
2016,139,11.67,502
2016,140,11.66,480
2016,141,11.51,457
2016,142,11.55,438
2016,143,11.53,416
2016,144,11.51,394
2016,145,11.52,380
2016,146,11.41,360
2016,147,11.57,341
2016,148,11.38,324
2016,149,11.34,318
2016,150,11.44,300
2016,151,11.26,280
2016,152,11.27,266
2016,153,11.24,246
2016,154,11.17,231
2016,155,11.17,221
2016,156,11.52,206
2016,157,11.57,189
2016,158,11.47,176
2016,159,11.15,170
2016,160,11.06,155
2016,161,11.23,148
2016,162,11.18,141
2016,163,11.21,138
2016,164,11.19,131
2016,165,11.13,126
2016,166,11.36,120
2016,167,11.43,116
2016,168,11.61,109
2016,169,11.61,101
2016,170,11.87,93
2016,171,11.91,89
2016,172,12.2,85
2016,173,12.22,83
2016,174,12.15,80
2016,175,12.01,78
2016,176,12.29,72
2016,177,12.03,68
2016,178,12.09,67
2016,179,11.97,66
2016,180,12.13,60
2016,181,12.02,55
2016,182,12.08,53
2016,183,11.65,49
2016,184,10.67,46
2016,185,10.54,46
2016,186,10.58,43
2016,187,10.08,39
2016,188,10.41,37
2016,189,10.47,36
2016,190,10.65,34
2016,191,10.64,33
2016,192,10.81,31
2016,193,10.8,30
2016,194,11.03,29
2016,195,11.36,28
2016,196,10.6,25
2016,197,10.96,23
2016,198,10.96,23
2016,199,11.26,23
2016,200,9.82,22
2017,1,78.0,888
2017,2,78.0,888
2017,3,77.96,888
2017,4,77.89,888
2017,5,77.81,888
2017,6,77.62,888
2017,7,77.39,888
2017,8,77.1,888
2017,9,76.76,888
2017,10,76.42,888
2017,11,76.02,888
2017,12,75.61,888
2017,13,75.26,888
2017,14,74.86,888
2017,15,74.36,887
2017,16,73.83,887
2017,17,73.37,885
2017,18,72.87,885
2017,19,72.33,885
2017,20,71.77,885
2017,21,71.14,883
2017,22,70.41,882
2017,23,69.73,879
2017,24,69.02,877
2017,25,68.25,876
2017,26,67.53,874
2017,27,66.68,873
2017,28,65.95,870
2017,29,65.26,868
2017,30,64.45,864
2017,31,63.61,857
2017,32,62.77,854
2017,33,61.89,847
2017,34,61.06,843
2017,35,60.23,839
2017,36,59.37,836
2017,37,58.48,831
2017,38,57.6,814
2017,39,56.76,808
2017,40,55.89,791
2017,41,54.93,778
2017,42,53.99,762
2017,43,53.35,744
2017,44,52.48,733
2017,45,51.55,725
2017,46,50.45,714
2017,47,49.36,699
2017,48,48.23,683
2017,49,47.37,673
2017,50,46.44,659
2017,51,45.56,650
2017,52,44.62,631
2017,53,43.83,614
2017,54,42.98,602
2017,55,41.98,591
2017,56,41.29,572
2017,57,40.34,558
2017,58,39.51,546
2017,59,38.73,531
2017,60,37.91,512
2017,61,37.1,494
2017,62,36.35,480
2017,63,35.49,468
2017,64,34.72,447
2017,65,33.93,438
2017,66,33.28,424
2017,67,32.59,408
2017,68,32.0,393
2017,69,31.25,379
2017,70,30.74,368
2017,71,30.15,355
2017,72,29.47,337
2017,73,28.98,321
2017,74,28.14,304
2017,75,27.67,287
2017,76,26.63,267
2017,77,26.1,258
2017,78,25.38,245
2017,79,24.87,232
2017,80,24.22,223
2017,81,23.36,212
2017,82,22.61,201
2017,83,22.21,192
2017,84,22.08,185
2017,85,21.73,173
2017,86,21.21,169
2017,87,20.83,163
2017,88,20.65,159
2017,89,20.09,153
2017,90,20.0,146
2017,91,19.99,135
2017,92,19.81,128
2017,93,19.77,124
2017,94,19.51,121
2017,95,19.29,120
2017,96,18.58,113
2017,97,18.45,108
2017,98,18.2,105
2017,99,18.09,103
2017,100,17.82,101
2017,101,17.66,97
2017,102,17.35,94
2017,103,17.32,92
2017,104,17.12,89
2017,105,16.61,84
2017,106,16.55,84
2017,107,16.48,82
2017,108,16.11,79
2017,109,16.01,75
2017,110,15.07,69
2017,111,14.5,68
2017,112,14.3,66
2017,113,14.1,62
2017,114,13.44,59
2017,115,13.6,58
2017,116,13.51,55
2017,117,13.15,53
2017,118,12.6,50
2017,119,12.69,49
2017,120,12.62,48
2017,121,12.25,44
2017,122,12.16,44
2017,123,12.43,42
2017,124,12.17,41
2017,125,12.46,41
2017,126,12.24,41
2017,127,11.76,41
2017,128,11.71,41
2017,129,11.5,40
2017,130,11.37,38
2017,131,11.32,38
2017,132,10.94,36
2017,133,10.69,36
2017,134,9.91,33
2017,135,10.15,33
2017,136,10.36,33
2017,137,10.33,33
2017,138,10.19,32
2017,139,10.43,30
2017,140,10.9,29
2017,141,10.48,29
2017,142,10.34,29
2017,143,10.38,29
2017,144,9.54,28
2017,145,9.63,27
2017,146,9.56,27
2017,147,9.52,27
2017,148,9.46,26
2017,149,9.27,26
2017,150,9.08,26
2017,151,9.08,26
2017,152,9.08,26
2017,153,9.0,25
2017,154,9.0,25
2017,155,9.33,24
2017,156,9.17,23
2017,157,9.17,23
2017,158,9.04,23
2017,159,9.0,23
2017,160,8.96,23
2017,161,9.5,22
2017,162,9.27,22
2017,163,9.62,21
2017,164,9.14,21
2017,165,8.95,21
2017,166,8.71,21
2017,167,8.8,20
2017,168,9.15,20
2017,169,9.1,20
2017,170,9.1,20
2017,171,8.84,19
2017,172,8.84,19
2017,173,8.84,19
2017,174,9.26,19
2017,175,9.26,19
2017,176,9.26,19
2017,177,9.21,19
2017,178,9.63,19
2017,179,9.37,19
2017,180,9.11,19
2017,181,9.38,16
2017,182,10.73,15
2017,183,10.07,15
2017,184,10.15,13
2017,185,9.73,11
2017,186,9.73,11
2017,187,9.73,11
2017,188,9.73,11
2017,189,8.5,10
2017,190,8.5,10
2017,191,8.56,9
2017,192,8.56,9
2017,193,8.56,9
2017,194,8.56,9
2017,195,8.86,7
2017,196,8.86,7
2017,197,8.86,7
2017,198,8.86,7
2017,199,8.86,7
2017,200,9.17,6
2018,1,78.0,30408
2018,2,78.0,30408
2018,3,77.97,30408
2018,4,77.9,30408
2018,5,77.82,30408
2018,6,77.62,30408
2018,7,77.39,30408
2018,8,77.15,30405
2018,9,76.9,30401
2018,10,76.62,30395
2018,11,76.31,30390
2018,12,75.96,30384
2018,13,75.6,30376
2018,14,75.21,30368
2018,15,74.77,30354
2018,16,74.31,30338
2018,17,73.83,30324
2018,18,73.32,30295
2018,19,72.78,30267
2018,20,72.21,30249
2018,21,71.61,30216
2018,22,70.99,30181
2018,23,70.35,30152
2018,24,69.68,30102
2018,25,68.99,30051
2018,26,68.31,29998
2018,27,67.6,29948
2018,28,66.87,29877
2018,29,66.13,29811
2018,30,65.38,29732
2018,31,64.59,29676
2018,32,63.8,29592
2018,33,62.99,29513
2018,34,62.18,29401
2018,35,61.34,29284
2018,36,60.5,29127
2018,37,59.67,28852
2018,38,58.81,28621
2018,39,57.93,28349
2018,40,57.03,28044
2018,41,56.12,27724
2018,42,55.23,27402
2018,43,54.34,27062
2018,44,53.44,26717
2018,45,52.54,26384
2018,46,51.66,25986
2018,47,50.74,25618
2018,48,49.82,25210
2018,49,48.92,24801
2018,50,48.03,24377
2018,51,47.16,23959
2018,52,46.25,23528
2018,53,45.4,23086
2018,54,44.55,22630
2018,55,43.69,22208
2018,56,42.87,21765
2018,57,42.03,21328
2018,58,41.21,20855
2018,59,40.36,20389
2018,60,39.54,19934
2018,61,38.71,19495
2018,62,37.89,19078
2018,63,37.06,18632
2018,64,36.25,18169
2018,65,35.51,17696
2018,66,34.77,17254
2018,67,34.05,16836
2018,68,33.33,16427
2018,69,32.6,15998
2018,70,31.91,15565
2018,71,31.21,15167
2018,72,30.53,14747
2018,73,29.86,14339
2018,74,29.26,13979
2018,75,28.64,13568
2018,76,28.0,13215
2018,77,27.4,12873
2018,78,26.81,12547
2018,79,26.23,12180
2018,80,25.68,11840
2018,81,25.15,11508
2018,82,24.65,11148
2018,83,24.16,10835
2018,84,23.65,10531
2018,85,23.18,10217
2018,86,22.69,9933
2018,87,22.21,9644
2018,88,21.75,9341
2018,89,21.29,9100
2018,90,20.9,8850
2018,91,20.52,8597
2018,92,20.14,8404
2018,93,19.76,8237
2018,94,19.36,8057
2018,95,19.04,7876
2018,96,18.65,7685
2018,97,18.36,7537
2018,98,18.04,7370
2018,99,17.71,7223
2018,100,17.44,7032
2018,101,17.15,6871
2018,102,16.86,6720
2018,103,16.6,6572
2018,104,16.39,6422
2018,105,16.14,6265
2018,106,15.87,6127
2018,107,15.6,5988
2018,108,15.35,5837
2018,109,15.14,5683
2018,110,14.92,5530
2018,111,14.73,5401
2018,112,14.56,5271
2018,113,14.28,5138
2018,114,14.17,5009
2018,115,14.05,4883
2018,116,13.91,4750
2018,117,13.8,4632
2018,118,13.61,4542
2018,119,13.45,4404
2018,120,13.32,4256
2018,121,13.16,4127
2018,122,13.0,4001
2018,123,12.89,3868
2018,124,12.85,3742
2018,125,12.73,3632
2018,126,12.69,3492
2018,127,12.55,3372
2018,128,12.42,3259
2018,129,12.31,3136
2018,130,12.19,3034
2018,131,12.14,2932
2018,132,12.08,2843
2018,133,12.01,2753
2018,134,12.04,2654
2018,135,11.96,2573
2018,136,11.98,2494
2018,137,11.94,2422
2018,138,11.88,2329
2018,139,11.78,2260
2018,140,11.69,2146
2018,141,11.63,2042
2018,142,11.52,1962
2018,143,11.5,1882
2018,144,11.46,1825
2018,145,11.39,1755
2018,146,11.37,1678
2018,147,11.29,1605
2018,148,11.22,1540
2018,149,11.15,1483
2018,150,11.15,1434
2018,151,11.24,1380
2018,152,11.19,1335
2018,153,11.17,1294
2018,154,11.17,1251
2018,155,11.13,1208
2018,156,11.02,1164
2018,157,11.06,1123
2018,158,11.07,1089
2018,159,10.99,1043
2018,160,10.94,1012
2018,161,10.87,981
2018,162,10.9,945
2018,163,10.8,912
2018,164,10.85,867
2018,165,10.87,834
2018,166,10.8,807
2018,167,10.77,783
2018,168,10.66,760
2018,169,10.68,746
2018,170,10.67,726
2018,171,10.68,699
2018,172,10.62,677
2018,173,10.62,653
2018,174,10.54,634
2018,175,10.46,621
2018,176,10.49,614
2018,177,10.48,605
2018,178,10.54,590
2018,179,10.55,578
2018,180,10.58,560
2018,181,10.6,539
2018,182,10.62,514
2018,183,10.66,496
2018,184,10.68,485
2018,185,10.58,480
2018,186,10.61,466
2018,187,10.52,451
2018,188,10.54,437
2018,189,10.44,423
2018,190,10.41,418
2018,191,10.44,403
2018,192,10.45,393
2018,193,10.4,385
2018,194,10.39,377
2018,195,10.42,368
2018,196,10.51,360
2018,197,10.5,355
2018,198,10.52,346
2018,199,10.55,337
2018,200,10.63,317
2021,1,78.0,31189
2021,2,78.0,31189
2021,3,77.96,31189
2021,4,77.9,31189
2021,5,77.81,31189
2021,6,77.6,31187
2021,7,77.34,31183
2021,8,77.09,31181
2021,9,76.82,31176
2021,10,76.51,31168
2021,11,76.2,31164
2021,12,75.84,31160
2021,13,75.47,31146
2021,14,75.06,31137
2021,15,74.6,31125
2021,16,74.13,31095
2021,17,73.64,31072
2021,18,73.1,31044
2021,19,72.54,31011
2021,20,71.95,30966
2021,21,71.35,30916
2021,22,70.73,30853
2021,23,70.1,30785
2021,24,69.45,30708
2021,25,68.78,30635
2021,26,68.09,30572
2021,27,67.38,30474
2021,28,66.64,30369
2021,29,65.88,30274
2021,30,65.11,30155
2021,31,64.31,30025
2021,32,63.5,29847
2021,33,62.68,29699
2021,34,61.86,29523
2021,35,61.02,29353
2021,36,60.19,29146
2021,37,59.35,28837
2021,38,58.52,28547
2021,39,57.67,28246
2021,40,56.81,27919
2021,41,55.95,27618
2021,42,55.05,27254
2021,43,54.16,26870
2021,44,53.25,26509
2021,45,52.34,26135
2021,46,51.42,25687
2021,47,50.51,25256
2021,48,49.61,24830
2021,49,48.67,24419
2021,50,47.77,23972
2021,51,46.92,23493
2021,52,46.07,23012
2021,53,45.22,22545
2021,54,44.35,22081
2021,55,43.48,21634
2021,56,42.65,21165
2021,57,41.84,20666
2021,58,41.02,20198
2021,59,40.18,19697
2021,60,39.35,19227
2021,61,38.53,18786
2021,62,37.7,18351
2021,63,36.93,17909
2021,64,36.22,17457
2021,65,35.46,17004
2021,66,34.69,16522
2021,67,33.94,16078
2021,68,33.18,15631
2021,69,32.49,15202
2021,70,31.78,14805
2021,71,31.12,14397
2021,72,30.42,13989
2021,73,29.76,13650
2021,74,29.11,13288
2021,75,28.44,12919
2021,76,27.82,12555
2021,77,27.25,12201
2021,78,26.67,11847
2021,79,26.11,11499
2021,80,25.54,11142
2021,81,25.02,10821
2021,82,24.42,10496
2021,83,23.93,10194
2021,84,23.39,9871
2021,85,22.94,9572
2021,86,22.5,9267
2021,87,22.05,8991
2021,88,21.58,8679
2021,89,21.15,8423
2021,90,20.78,8151
2021,91,20.43,7892
2021,92,20.01,7686
2021,93,19.62,7473
2021,94,19.26,7277
2021,95,18.93,7079
2021,96,18.59,6884
2021,97,18.3,6696
2021,98,18.01,6525
2021,99,17.69,6347
2021,100,17.43,6163
2021,101,17.16,5991
2021,102,16.85,5824
2021,103,16.58,5651
2021,104,16.28,5486
2021,105,16.05,5318
2021,106,15.79,5163
2021,107,15.54,5010
2021,108,15.3,4868
2021,109,15.1,4706
2021,110,14.89,4534
2021,111,14.7,4399
2021,112,14.47,4255
2021,113,14.31,4131
2021,114,14.19,4005
2021,115,13.99,3892
2021,116,13.84,3777
2021,117,13.71,3659
2021,118,13.61,3553
2021,119,13.46,3436
2021,120,13.4,3297
2021,121,13.33,3186
2021,122,13.17,3069
2021,123,13.05,2952
2021,124,12.86,2841
2021,125,12.73,2738
2021,126,12.71,2640
2021,127,12.58,2530
2021,128,12.47,2430
2021,129,12.44,2332
2021,130,12.38,2251
2021,131,12.34,2163
2021,132,12.31,2063
2021,133,12.24,1985
2021,134,12.2,1877
2021,135,12.09,1784
2021,136,12.07,1707
2021,137,12.01,1627
2021,138,11.95,1559
2021,139,11.81,1490
2021,140,11.65,1427
2021,141,11.73,1351
2021,142,11.66,1297
2021,143,11.63,1233
2021,144,11.63,1174
2021,145,11.58,1115
2021,146,11.58,1064
2021,147,11.52,1007
2021,148,11.49,953
2021,149,11.5,909
2021,150,11.48,882
2021,151,11.41,842
2021,152,11.51,795
2021,153,11.41,764
2021,154,11.39,740
2021,155,11.38,699
2021,156,11.42,655
2021,157,11.34,626
2021,158,11.36,593
2021,159,11.36,564
2021,160,11.35,531
2021,161,11.17,512
2021,162,11.17,485
2021,163,11.16,470
2021,164,10.99,451
2021,165,11.02,437
2021,166,10.91,419
2021,167,10.82,400
2021,168,10.77,371
2021,169,10.76,354
2021,170,10.89,333
2021,171,10.91,317
2021,172,10.93,303
2021,173,10.74,295
2021,174,10.77,277
2021,175,10.83,258
2021,176,10.89,251
2021,177,10.83,234
2021,178,10.84,214
2021,179,10.62,205
2021,180,10.52,197
2021,181,10.49,193
2021,182,10.56,181
2021,183,10.38,171
2021,184,10.5,162
2021,185,10.62,154
2021,186,10.84,148
2021,187,10.84,141
2021,188,10.85,135
2021,189,11.06,128
2021,190,10.85,124
2021,191,10.97,121
2021,192,10.99,114
2021,193,11.32,107
2021,194,11.31,102
2021,195,11.36,94
2021,196,11.37,89
2021,197,11.36,85
2021,198,11.49,83
2021,199,11.66,76
2021,200,11.61,72
